{"cameraMode":{"drawMode":0,"name":"Shaded","section":"Shading Mode"},"sceneLighting":true,"audioPlay":false,"sceneViewState":{"showFog":false,"showMaterialUpdate":false,"showSkybox":false,"showFlares":false,"showImageEffects":false,"showParticleSystems":false},"in2DMode":false,"pivot":{"x":-0.07000000029802323,"y":4.590000152587891,"z":-6.349999904632568},"rotation":{"x":0.33423224091529848,"y":0.011007546447217465,"z":-0.003910863306373358,"w":0.9424422383308411},"size":10.0,"orthographic":false}