{"cameraMode":{"drawMode":0,"name":"Shaded","section":"Shading Mode"},"sceneLighting":true,"audioPlay":false,"sceneViewState":{"showFog":false,"showMaterialUpdate":false,"showSkybox":false,"showFlares":false,"showImageEffects":false,"showParticleSystems":false},"in2DMode":false,"pivot":{"x":6.915544033050537,"y":15.577131271362305,"z":51.37697219848633},"rotation":{"x":0.376123309135437,"y":-0.5477837324142456,"z":0.3012579381465912,"w":0.6839214563369751},"size":9.788383483886719,"orthographic":false}