{"cameraMode":{"drawMode":0,"name":"Shaded","section":"Shading Mode"},"sceneLighting":true,"audioPlay":false,"sceneViewState":{"showFog":false,"showMaterialUpdate":false,"showSkybox":false,"showFlares":false,"showImageEffects":false,"showParticleSystems":false},"in2DMode":false,"pivot":{"x":-1.0071431398391724,"y":-0.2883020043373108,"z":4.537045478820801},"rotation":{"x":0.2379174679517746,"y":-0.02653088979423046,"z":0.006500095594674349,"w":0.9709215760231018},"size":9.788383483886719,"orthographic":false}