{"cameraMode":{"drawMode":0,"name":"Shaded","section":"Shading Mode"},"sceneLighting":true,"audioPlay":false,"sceneViewState":{"m_AlwaysRefresh":false,"showFog":true,"showSkybox":true,"showFlares":true,"showImageEffects":true,"showParticleSystems":true,"showVisualEffectGraphs":true,"m_FxEnabled":true},"in2DMode":false,"pivot":{"x":3.764875888824463,"y":10.30740737915039,"z":-14.738140106201172},"rotation":{"x":0.04520775005221367,"y":0.061394281685352328,"z":-0.0027862396091222765,"w":0.9970825910568237},"size":9.221992492675782,"orthographic":false}